<?xml version="1.0" encoding="UTF-8"?>
<project-private xmlns="http://www.netbeans.org/ns/project-private/1">
    <editor-bookmarks xmlns="http://www.netbeans.org/ns/editor-bookmarks/2" lastBookmarkId="0"/>
    <open-files xmlns="http://www.netbeans.org/ns/projectui-open-files/2">
        <group>
            <file>file:/C:/Users/Samima/Downloads/HotelManagement%20(3)/HotelManagement/src/hotelmanagement/WelcomePage.java</file>
            <file>file:/C:/Users/Samima/Downloads/HotelManagement%20(3)/HotelManagement/src/hotelmanagement/RoomForm.java</file>
            <file>file:/C:/Users/Samima/Downloads/HotelManagement%20(3)/HotelManagement/src/hotelmanagement/LoginPage.java</file>
            <file>file:/C:/Users/Samima/Downloads/HotelManagement%20(3)/HotelManagement/src/hotelmanagement/Member.java</file>
            <file>file:/C:/Users/Samima/Downloads/HotelManagement%20(3)/HotelManagement/src/hotelmanagement/ServiceForm.java</file>
            <file>file:/C:/Users/Samima/Downloads/HotelManagement%20(3)/HotelManagement/src/hotelmanagement/FrontPage.java</file>
            <file>file:/C:/Users/Samima/Downloads/HotelManagement%20(3)/HotelManagement/src/hotelmanagement/CreditCard.java</file>
            <file>file:/C:/Users/Samima/Downloads/HotelManagement%20(3)/HotelManagement/src/hotelmanagement/Room.java</file>
            <file>file:/C:/Users/Samima/Downloads/HotelManagement%20(3)/HotelManagement/src/hotelmanagement/Review.java</file>
            <file>file:/C:/Users/Samima/Downloads/HotelManagement%20(3)/HotelManagement/src/hotelmanagement/PaymentSuccessful.java</file>
            <file>file:/C:/Users/Samima/Downloads/HotelManagement%20(3)/HotelManagement/src/hotelmanagement/CreditCardPayment.java</file>
            <file>file:/C:/Users/Samima/Downloads/HotelManagement%20(3)/HotelManagement/src/hotelmanagement/MemberSignUp.java</file>
            <file>file:/C:/Users/Samima/Downloads/HotelManagement%20(3)/HotelManagement/src/hotelmanagement/TotalRooms.java</file>
        </group>
    </open-files>
</project-private>
